{
  "Random Forest": {
    "features": [
      "V17",
      "V14",
      "V12",
      "V10",
      "V16",
      "V3",
      "V7",
      "V11",
      "V4",
      "V18",
      "V1",
      "V9",
      "V5",
      "V2",
      "V6"
    ],
    "Importance": [
      0.07912011756936443,
      0.23556703751785038,
      0.1175864677666728,
      0.07592856894927887,
      0.01720799739787378,
      0.045994907775263084,
      0.005979802551985472,
      0.11215100315579629,
      0.19513615744906085,
      0.014147759945546042,
      0.008669019595501596,
      0.015138394683961309,
      0.005768844327749482,
      0.055009224614305616,
      0.01659469669979014
    ]
  },
  "Decision Tree": {
    "features": [
      "V17",
      "V14",
      "V12",
      "V10",
      "V16",
      "V3",
      "V7",
      "V11",
      "V4",
      "V18",
      "V1",
      "V9",
      "V5",
      "V2",
      "V6"
    ],
    "Importance": [
      0.08037987803531099,
      0.7940633480424064,
      0.011110954918258283,
      0.0032313474067640984,
      0.01133419766098806,
      1.8242757143907313e-06,
      0.000801167638053098,
      0.005167409351023146,
      0.08233511503398652,
      0.0048563060838751546,
      1.2174667101449141e-05,
      0.00039285796774709235,
      0.004126099702493322,
      4.1716021431132126e-06,
      0.0021831476141348687
    ]
  }
}