{
  "Random Forest": {
    "Precision": 0.7534246575342466,
    "Recall": 0.7333333333333333,
    "F1-Score": 0.7432432432432432,
    "ROC-AUC": 0.9765664094315631,
    "Average Precision": 0.7970459197873092,
    "Cost Matrix": [
      [
        56869,
        18
      ],
      [
        20,
        55
      ]
    ],
    "Cost 1": 500,
    "Cost 2": 9000,
    "Total Cost": 9500
  },
  "Decision Tree": {
    "Precision": 0.375886524822695,
    "Recall": 0.7066666666666667,
    "F1-Score": 0.49074074074074076,
    "ROC-AUC": 0.9036126590140687,
    "Average Precision": 0.4472658566715607,
    "Cost Matrix": [
      [
        56799,
        88
      ],
      [
        22,
        53
      ]
    ],
    "Cost 1": 550,
    "Cost 2": 44000,
    "Total Cost": 44550
  }
}