{
  "Random Forest": {
    "Precision": 0.6931818181818182,
    "Recall": 0.8133333333333334,
    "F1-Score": 0.7484662576687117,
    "ROC-AUC": 0.9958043138151071,
    "Average Precision": 0.8180354075566645,
    "Cost Matrix": [
      [
        56860,
        27
      ],
      [
        14,
        61
      ]
    ],
    "Cost 1": 350,
    "Cost 2": 13500,
    "Total Cost": 13850
  },
  "Decision Tree": {
    "Precision": 0.08533333333333333,
    "Recall": 0.8533333333333334,
    "F1-Score": 0.15515151515151515,
    "ROC-AUC": 0.9249050456753448,
    "Average Precision": 0.4452962474758142,
    "Cost Matrix": [
      [
        56201,
        686
      ],
      [
        11,
        64
      ]
    ],
    "Cost 1": 275,
    "Cost 2": 343000,
    "Total Cost": 343275
  }
}