{
  "Original": {
    "Logistic Regression": {
      "precision": {
        "mean": 0.0672375375627486,
        "std": 0.0016170209137248259,
        "scores": [
          0.06636363636363636,
          0.06875543951261967,
          0.06465517241379311,
          0.06906077348066299,
          0.06735266604303088
        ]
      },
      "recall": {
        "mean": 0.8969879518072288,
        "std": 0.031492715241939535,
        "scores": [
          0.8795180722891566,
          0.9518072289156626,
          0.9036144578313253,
          0.8928571428571429,
          0.8571428571428571
        ]
      },
      "f1": {
        "mean": 0.12508685990007395,
        "std": 0.002898247809637607,
        "scores": [
          0.12341504649196956,
          0.12824675324675325,
          0.12067578439259855,
          0.1282051282051282,
          0.12489158716392021
        ]
      },
      "roc_auc": {
        "mean": 0.9731744792796272,
        "std": 0.00749930278545217,
        "scores": [
          0.9661426341164685,
          0.9851851675267221,
          0.9659291432978981,
          0.9702808879955191,
          0.9783345634615284
        ]
      },
      "average_precision": {
        "mean": 0.7288392286650859,
        "std": 0.018390142658239066,
        "scores": [
          0.7434073444185172,
          0.7393136616485938,
          0.7398669073854082,
          0.6935283712527145,
          0.7280798586201956
        ]
      }
    },
    "Decision Tree": {
      "precision": {
        "mean": 0.10890828802041903,
        "std": 0.024361911984765998,
        "scores": [
          0.10849056603773585,
          0.06967213114754098,
          0.13846153846153847,
          0.12982456140350876,
          0.09809264305177112
        ]
      },
      "recall": {
        "mean": 0.851233505450373,
        "std": 0.022800437486869628,
        "scores": [
          0.8313253012048193,
          0.8192771084337349,
          0.8674698795180723,
          0.8809523809523809,
          0.8571428571428571
        ]
      },
      "f1": {
        "mean": 0.19230021307191242,
        "std": 0.03914997099130835,
        "scores": [
          0.19193324061196107,
          0.12842304060434373,
          0.23880597014925373,
          0.22629969418960244,
          0.17603911980440098
        ]
      },
      "roc_auc": {
        "mean": 0.9242904166402862,
        "std": 0.011778532297079775,
        "scores": [
          0.9143399875719738,
          0.9074590142657425,
          0.9329217675344565,
          0.9393715615299655,
          0.9273597522992928
        ]
      },
      "average_precision": {
        "mean": 0.7332346091967943,
        "std": 0.05292715348980703,
        "scores": [
          0.7055560385106048,
          0.6527400337610747,
          0.7994787979835845,
          0.7268712023512387,
          0.7815269733774685
        ]
      }
    },
    "Random Forest": {
      "precision": {
        "mean": 0.7152622340223418,
        "std": 0.035513756854900394,
        "scores": [
          0.7582417582417582,
          0.7346938775510204,
          0.7373737373737373,
          0.6698113207547169,
          0.6761904761904762
        ]
      },
      "recall": {
        "mean": 0.8537578886976478,
        "std": 0.017320510926285747,
        "scores": [
          0.8313253012048193,
          0.8674698795180723,
          0.8795180722891566,
          0.8452380952380952,
          0.8452380952380952
        ]
      },
      "f1": {
        "mean": 0.777914506669257,
        "std": 0.023548421375409908,
        "scores": [
          0.7931034482758621,
          0.7955801104972375,
          0.8021978021978022,
          0.7473684210526316,
          0.7513227513227513
        ]
      },
      "roc_auc": {
        "mean": 0.9770888438366543,
        "std": 0.008909207571652185,
        "scores": [
          0.969648810252221,
          0.9942138955505441,
          0.9755925164846166,
          0.9704962912943566,
          0.9754927056015328
        ]
      },
      "average_precision": {
        "mean": 0.8005438288640099,
        "std": 0.014947312914690356,
        "scores": [
          0.7982863471109075,
          0.8048067987880532,
          0.8262056120786447,
          0.7918373566020568,
          0.7815830297403868
        ]
      }
    }
  },
  "SMOTE": {
    "Logistic Regression": {
      "precision": {
        "mean": 0.9736449253928405,
        "std": 0.0008048590276535686,
        "scores": [
          0.9738307084740924,
          0.9722215627151641,
          0.974052276680407,
          0.9746379404957889,
          0.9734821385987504
        ]
      },
      "recall": {
        "mean": 0.8988998770287479,
        "std": 0.0010678371983834677,
        "scores": [
          0.8999252517258057,
          0.9002748158733649,
          0.8987578322523909,
          0.898078529657477,
          0.8974629556347008
        ]
      },
      "f1": {
        "mean": 0.9347798832294096,
        "std": 0.0004807983000575826,
        "scores": [
          0.9354204753199269,
          0.9348659878544359,
          0.9348914858096828,
          0.9347933042712159,
          0.9339281628917868
        ]
      },
      "roc_auc": {
        "mean": 0.9835799489209496,
        "std": 0.0005864104832888884,
        "scores": [
          0.9843179457246882,
          0.9835385400606287,
          0.9837813403620461,
          0.9837348177793735,
          0.9825271006780116
        ]
      },
      "average_precision": {
        "mean": 0.9864554299991564,
        "std": 0.0004136605608871628,
        "scores": [
          0.9869902956837279,
          0.9864199502107344,
          0.9866236520768867,
          0.9865198007925702,
          0.9857234512318631
        ]
      }
    },
    "Decision Tree": {
      "precision": {
        "mean": 0.9851391349573069,
        "std": 0.0007635680023111319,
        "scores": [
          0.9858824570720481,
          0.9838695460555311,
          0.9858389484148901,
          0.9847016490430253,
          0.9854030742010395
        ]
      },
      "recall": {
        "mean": 0.9804729484633151,
        "std": 0.000832865794611292,
        "scores": [
          0.9795101789561623,
          0.98159832911949,
          0.9810706826426294,
          0.980653387855604,
          0.97953216374269
        ]
      },
      "f1": {
        "mean": 0.9827999692684422,
        "std": 0.00033799720100064016,
        "scores": [
          0.9826859877809392,
          0.9827326253232818,
          0.9834490358126722,
          0.9826733491215509,
          0.9824588483037673
        ]
      },
      "roc_auc": {
        "mean": 0.9970221091303187,
        "std": 0.00036126176030702967,
        "scores": [
          0.9966111893826738,
          0.9967951468998205,
          0.9976405886981106,
          0.9968745236518821,
          0.9971890970191072
        ]
      },
      "average_precision": {
        "mean": 0.996598610344433,
        "std": 0.00041122095460507886,
        "scores": [
          0.9960870080416923,
          0.9964011172727966,
          0.9972917072890838,
          0.9964273589129147,
          0.9967858602056778
        ]
      }
    },
    "Random Forest": {
      "precision": {
        "mean": 0.9962638741293471,
        "std": 0.0003488410265134719,
        "scores": [
          0.9963199820486929,
          0.9957574805270601,
          0.9968447148974532,
          0.996160064672595,
          0.996237128500935
        ]
      },
      "recall": {
        "mean": 0.9742248062043604,
        "std": 0.0016707689745080782,
        "scores": [
          0.9761465066174208,
          0.9752665713971639,
          0.9724084863141695,
          0.9752671151563118,
          0.9720353515367366
        ]
      },
      "f1": {
        "mean": 0.9851201820673834,
        "std": 0.0007789313912354959,